"company_code","warehouse","receipt_number","receipt_type","receipt_status","order_number","reference_1","reference_2","reference_3","reference_4","supplier_id","supplier_name","supplier_address1","supplier_address2","supplier_address3","supplier_city","supplier_state","supplier_country","supplier_zip","contact_name","contact_phone","contact_fax","contact_e_mail","consignor","carrier_id","carrier_service_level","carrier_account_num","carrier_shipping_cost","carrier_shipping_charge","carrier_declared_value","carrier_cod_value","carrier_cod_type","carrier_waybill","carrier_appoitment","carrier_instructions","carrier_total_pcs","shipping_net_weight","shipping_gross_weight","sea_container_seal","sea_container_number","sea_container_type","sea_container_size","document_date","expected_date","date_received","receipt_start_date","receipt_end_date","date_checked","date_inspected","import_date","last_export_date","close_date","received_by","checked_by","qa_inspector","qa_inspection_tag","qa_minutes","receiving_minutes","checking_minutes","skids_provided","number_of_active_rf_units","skid_type_provided","note_from_customer","note_to_receiver","note_from_receiver","note_from_checker","note_from_qa","location_id","import_batch_number","check_shipment_flag","check_qa_flag","cancel_flag","delivery_rejected_flag","complete_receipt_flag","ready_for_export_flag","export_complete_flag","validate_receiving_flag","uniqueid","num_pallets_received","num_cases_received","processed","IsHistory","IsBackOrder","work_order_auto_pick_complete_flag","whs_transfer_flag","whs_transfer_from_warehouse","user_0","user_1","user_2","user_3","user_4","user_5","user_6","user_7","user_8","user_9","inbound_doc_printed"
"01",MM,"65699",REGULAR,Complete,"3670344960",,,,,"1164",CHEP Canada Inc,"","","","","","","","","","","","","","","",0.00,0.00,0.00,0.00,Cash,"","","",0,0.00,0.00,"","","","",2020-08-26 00:00:00,2020-08-26 00:00:00,2020-08-26 00:00:00,2020-08-26 09:09:00,2020-08-26 09:11:00,,,2020-08-26 09:07:00,,,freeman,,,,0,0,0,0,0,,,,,,,,,0,0,0,0,0,0,0,1,70239,1,504,0,0,0,0,0,"","","","","","","","","","","",0
"01",MM,"65639",COOLER,Complete,"84483982",,,,,"",PROVIGO RETURN,"","","","","","","","","","","","","","","",0.00,0.00,0.00,0.00,Cash,"","","",0,0.00,0.00,"","","","",2020-08-18 00:00:00,2020-08-25 00:00:00,2020-08-18 00:00:00,2020-08-18 12:11:00,2020-08-18 12:25:00,,,2020-08-18 12:01:00,,,harjot,,,,0,0,0,0,0,,,,,,,,,0,0,0,0,0,0,0,1,70179,1,1,0,0,0,0,0,"","","","","","","","","","","",0
"01",MM,"65661",REGULAR,Complete,"4508494726",,,,,"",BERRY,"","","","","","","","","","","","","","","",0.00,0.00,0.00,0.00,Cash,"","","",0,0.00,0.00,"","","","",2020-08-21 00:00:00,2020-08-21 00:00:00,2020-08-21 00:00:00,2020-08-21 07:19:00,,,,2020-08-21 06:56:00,,,freeman,,,,0,0,0,0,0,,,,,,,,,0,0,0,0,0,0,0,1,70201,1,564480,0,0,0,0,0,"","","","","","","","","","","",0
"01",ICJ,"62485",COOLER,Complete,CDC20190909,,,,,"1156",First Choice Beverage,"265 Courtneypark Dr. E.","","",Mississauga,ON,CAN,"","","","","","","","","",0.00,0.00,0.00,0.00,Cash,"","","",0,0.00,0.00,"","","","",2019-09-09 00:00:00,2019-09-09 00:00:00,2019-09-09 00:00:00,2019-09-09 20:06:00,2019-09-09 20:09:00,,,2019-09-09 19:14:00,,,brar,,,,0,0,0,0,0,,,,,,,,,0,0,0,0,0,0,0,1,66963,2,2,0,0,0,0,0,"","","","","","","","","","","",0
"01",ICJ,"63085",COOLER,Complete,CDC-20191108-01,,,,,"1156",First Choice Beverage,"265 Courtneypark Dr. E.","","",Mississauga,ON,CAN,"","","","","","","","","",0.00,0.00,0.00,0.00,Cash,"","","",0,0.00,0.00,"","","","",2019-11-09 00:00:00,2019-11-09 00:00:00,2019-11-09 00:00:00,2019-11-09 11:36:00,,,,2019-11-09 11:25:00,,,cesar,,,,0,0,0,0,0,,,,,,,,,0,0,0,0,0,0,0,1,67583,2,2,0,0,0,0,0,"","","","","","","","","","","",0
"01",MM,"65662",REGULAR,Complete,"3670286997",,,,,"1164",CHEP Canada Inc,"","","","","","","","","","","","","","","",0.00,0.00,0.00,0.00,Cash,"","","",0,0.00,0.00,"","","","",2020-08-21 00:00:00,2020-08-21 00:00:00,2020-08-21 00:00:00,2020-08-21 07:29:00,,,,2020-08-21 07:21:00,,,freeman,,,,0,0,0,0,0,,,,,,,,,0,0,0,0,0,0,0,1,70202,1,504,0,0,0,0,0,"","","","","","","","","","","",0
"01",MM,"65663",REGULAR,Complete,"3670284638",,,,,"1164",CHEP Canada Inc,"","","","","","","","","","","","","","","",0.00,0.00,0.00,0.00,Cash,"","","",0,0.00,0.00,"","","","",2020-08-21 00:00:00,2020-08-21 00:00:00,2020-08-21 00:00:00,2020-08-21 07:29:00,,,,2020-08-21 07:23:00,,,freeman,,,,0,0,0,0,0,,,,,,,,,0,0,0,0,0,0,0,1,70203,1,504,0,0,0,0,0,"","","","","","","","","","","",0
"01",MM,"65664",REGULAR,Complete,"450890719",,,,,"",ROBERTET,"","","","","","","","","","","","","","","",0.00,0.00,0.00,0.00,Cash,"","","",0,0.00,0.00,"","","","",2020-08-21 00:00:00,2020-08-21 00:00:00,2020-08-21 00:00:00,2020-08-21 09:07:00,2020-08-21 09:19:00,,,2020-08-21 07:25:00,,,freeman,,,,0,0,0,0,0,,,,,,,,,0,0,0,0,0,0,0,1,70204,2,8,0,0,0,0,0,"","","","","","","","","","","",0
"01",MM,"65665",REGULAR,Complete,"4508504851",,,,,"",SPEAR USA,"","","","","","","","","","","","","","","",0.00,0.00,0.00,0.00,Cash,"","","",0,0.00,0.00,"","","","",2020-08-21 00:00:00,2020-08-21 00:00:00,2020-08-21 00:00:00,2020-08-21 09:00:00,,,,2020-08-21 07:28:00,,,freeman,,,,0,0,0,0,0,,,,,,,,,0,0,0,0,0,0,0,1,70205,5,651000,0,0,0,0,0,"","","","","","","","","","","",0
"01",MM,"65711",REGULAR,Complete,"4508536807",,,,,"1151",Norampac,"655 Creditstone Rd","","",Vaugham,ON,Canada,L4K 5P9,"","905 760 3900","","","","","","",0.00,0.00,0.00,0.00,Cash,"","","",0,0.00,0.00,"","","","",2020-08-27 00:00:00,2020-08-27 00:00:00,2020-08-27 00:00:00,2020-08-27 09:41:00,,,,2020-08-27 09:36:00,,,freeman,,,,0,0,0,0,0,,,,,,,,,0,0,0,0,0,0,0,1,70251,2,17034,0,0,0,0,0,"","","","","","","","","","","",0
"01",MM,"65713",REGULAR,Complete,"2200543741",,,,,"",Walmart midpoint return,"","","","","","","","","","","","","","","",0.00,0.00,0.00,0.00,Cash,"","","",0,0.00,0.00,"","","","",2020-08-27 00:00:00,2020-09-03 00:00:00,2020-08-27 00:00:00,2020-08-27 11:47:00,2020-08-27 11:51:00,,,2020-08-27 11:34:00,,,harman,,,,0,0,0,0,0,,,,,,,,,0,0,0,0,0,0,0,1,70253,2,2,0,0,0,0,0,"","","","","","","","","","","",0
"01",MM,"65719",COOLER,Complete,"2200543742",,,,,"",WALMART MISS RETURN MIDPOINT,"","","","","","","","","","","","","","","",0.00,0.00,0.00,0.00,Cash,"","","",0,0.00,0.00,"","","","",2020-08-27 00:00:00,2020-09-03 00:00:00,2020-08-27 00:00:00,2020-08-27 18:29:00,,,,2020-08-27 16:59:00,,,felix,,,,0,0,0,0,0,,,,,,,,,0,0,0,0,0,0,0,1,70259,1,1,0,0,0,0,0,"","","","","","","","","","","",0
"01",MM,"65819",REGULAR,Complete,"096964",,,,,"",I.C.S,"","","","","","","","","","","","","","","",0.00,0.00,0.00,0.00,Cash,"","","",0,0.00,0.00,"","","","",2020-09-11 00:00:00,2020-09-11 00:00:00,2020-09-11 00:00:00,2020-09-11 14:03:00,2020-09-11 14:10:00,,,2020-09-11 13:54:00,,,freeman,,,,0,0,0,0,0,,,,,,,,,0,0,0,0,0,0,0,1,70360,16,59,0,0,0,0,0,"","","","","","","","","","","",0
"01",ICJ,"61755",COOLER,Entered,CDC-20190704-02,,,,,"1156",First Choice Beverage,"265 Courtneypark Dr. E.","","",Mississauga,ON,CAN,"","","","","","","","","",0.00,0.00,0.00,0.00,Cash,"","","",0,0.00,0.00,"","","","",2019-07-04 00:00:00,2019-07-04 00:00:00,,,,,,2019-07-04 16:04:00,,,,,,,0,0,0,0,0,,,,,,,,,0,0,0,0,0,0,0,1,66209,0,0,0,0,0,0,0,"","","","","","","","","","","",0
"01",MM,"65809",REGULAR,Complete,"4508552969",,,,,"",SOUTHEASTERN,"","","","","","","","","","","","","","","",0.00,0.00,0.00,0.00,Cash,"","","",0,0.00,0.00,"","","","",2020-09-10 00:00:00,2020-09-10 00:00:00,2020-09-10 00:00:00,2020-09-10 14:00:00,,,,2020-09-10 13:55:00,,,freeman,,,,0,0,0,0,0,,,,,,,,,0,0,0,0,0,0,0,1,70350,1,50,0,0,0,0,0,"","","","","","","","","","","",0
"01",MM,"65811",REGULAR,Complete,"4508549513",,,,,"1151",Norampac,"655 Creditstone Rd","","",Vaugham,ON,Canada,L4K 5P9,"","905 760 3900","","","","","","",0.00,0.00,0.00,0.00,Cash,"","","",0,0.00,0.00,"","","","",2020-09-10 00:00:00,2020-09-10 00:00:00,2020-09-10 00:00:00,2020-09-10 14:00:00,,,,2020-09-10 13:59:00,,,freeman,,,,0,0,0,0,0,,,,,,,,,0,0,0,0,0,0,0,1,70352,2,19214,0,0,0,0,0,"","","","","","","","","","","",0
"01",ICJ,"64775",COOLER,Complete,CDC20200521,,,,,"1156",First Choice Beverage,"265 Courtneypark Dr. E.","","",Mississauga,ON,CAN,"","","","","","","","","",0.00,0.00,0.00,0.00,Cash,"","","",0,0.00,0.00,"","","","",2020-05-21 00:00:00,2020-05-21 00:00:00,2020-05-21 00:00:00,2020-05-21 12:46:00,2020-05-21 12:48:00,,,2020-05-21 12:42:00,,,joban,,,,0,0,0,0,0,,,,,,,,,0,0,0,0,0,0,0,1,69304,1,1,0,0,0,0,0,"","","","","","","","","","","",0
"01",MM,"65798",COOLER,Complete,"200881526",,,,,"",Evercold Storage,"","","","","","","","","","","","","","","",0.00,0.00,0.00,0.00,Cash,"","","",0,0.00,0.00,"","","","",2020-09-08 00:00:00,2020-09-08 00:00:00,2020-09-08 00:00:00,2020-09-08 15:17:00,2020-09-08 15:29:00,,,2020-09-08 15:14:00,,,jeff,,,,0,0,0,0,0,,,,,,,,,0,0,0,0,0,0,0,1,70339,12,44,0,0,0,0,0,"","","","","","","","","","","",0
"01",MM,"65667",COOLER,Complete,"90341",,,,,"1146",First Choice Beverage,"265 Courtneypark Dr. E.","","",Mississauga,ON,CAN,L5T 2T6,"","","","","","","","",0.00,0.00,0.00,0.00,Cash,"","","",0,0.00,0.00,"","","","",2020-08-21 00:00:00,2020-08-21 00:00:00,2020-08-21 00:00:00,2020-08-21 10:10:00,,,,2020-08-21 07:54:00,,,chen,,,,0,0,0,0,0,,,,,,,,,0,0,0,0,0,0,0,1,70207,91,91,0,0,0,0,0,"","","","","","","","","","","",0
"01",ICJ,"62610",regular,Complete,"518956",,,,,"",mm,"","","","","","","","","","","","","","","",0.00,0.00,0.00,0.00,Cash,"","","",0,0.00,0.00,"","","","",2019-09-24 00:00:00,2019-09-24 00:00:00,2019-09-24 00:00:00,2019-09-24 20:16:00,,,,2019-09-24 19:56:00,,,felix,,,,0,0,0,0,0,,,,,,,,,0,0,0,0,0,0,0,1,67094,2,2,0,0,0,0,0,"","","","","","","","","","","",0
"01",MM,"65670",COOLER,Complete,"90342",,,,,"1146",First Choice Beverage,"265 Courtneypark Dr. E.","","",Mississauga,ON,CAN,L5T 2T6,"","","","","","","","",0.00,0.00,0.00,0.00,Cash,"","","",0,0.00,0.00,"","","","",2020-08-21 00:00:00,2020-08-21 00:00:00,2020-08-22 00:00:00,2020-08-21 19:05:00,,,,2020-08-21 17:37:00,,,rishab,,,,0,0,0,0,0,,,,,,,,,0,0,0,0,0,0,0,1,70210,77,77,0,0,0,0,0,"","","","","","","","","","","",0
"01",MM,"65671",COOLER,In Progress,"90343",,,,,"1146",First Choice Beverage,"265 Courtneypark Dr. E.","","",Mississauga,ON,CAN,L5T 2T6,"","","","","","","","",0.00,0.00,0.00,0.00,Cash,"","","",0,0.00,0.00,"","","","",2020-08-21 00:00:00,2020-08-21 00:00:00,2020-08-22 00:00:00,2020-08-22 00:46:00,,,,2020-08-21 23:10:00,,,jagan,,,,0,0,0,0,0,,,,,,,,,0,0,0,0,0,0,0,1,70211,24,24,0,0,0,0,0,"","","","","","","","","","","",0
"01",MM,"65698",COOLER,In Progress,"90346",,,,,"1146",First Choice Beverage,"265 Courtneypark Dr. E.","","",Mississauga,ON,CAN,L5T 2T6,"","","","","","","","",0.00,0.00,0.00,0.00,Cash,"","","",0,0.00,0.00,"","","","",2020-08-26 00:00:00,2020-08-26 00:00:00,2020-08-26 00:00:00,2020-08-26 11:43:00,,,,2020-08-26 05:50:00,,,felix,,,,0,0,0,0,0,,,,,,,,,0,0,0,0,0,0,0,1,70238,32,32,0,0,0,0,0,"","","","","","","","","","","",0
"01",MM,"65677",COOLER,In Progress,"90344",,,,,"1146",First Choice Beverage,"265 Courtneypark Dr. E.","","",Mississauga,ON,CAN,L5T 2T6,"","","","","","","","",0.00,0.00,0.00,0.00,Cash,"","","",0,0.00,0.00,"","","","",2020-08-24 00:00:00,2020-08-24 00:00:00,2020-08-27 00:00:00,2020-08-24 08:08:00,,,,2020-08-24 06:56:00,,,rishab,,,,0,0,0,0,0,,,,,,,,,0,0,0,0,0,0,0,1,70217,445,445,0,0,0,0,0,"","","","","","","","","","","",0
"01",MM,"65693",COOLER,Complete,"90345",,,,,"1146",First Choice Beverage,"265 Courtneypark Dr. E.","","",Mississauga,ON,CAN,L5T 2T6,"","","","","","","","",0.00,0.00,0.00,0.00,Cash,"","","",0,0.00,0.00,"","","","",2020-08-25 00:00:00,2020-08-25 00:00:00,2020-08-26 00:00:00,2020-08-25 17:03:00,2020-08-26 06:49:00,,,2020-08-25 14:38:00,,,harjot,,,,0,0,0,0,0,,,,,,,,,0,0,0,0,0,0,0,1,70233,167,167,0,0,0,0,0,"","","","","","","","","","","",0
"01",MM,"65702",COOLER,Complete,"90347",,,,,"1146",First Choice Beverage,"265 Courtneypark Dr. E.","","",Mississauga,ON,CAN,L5T 2T6,"","","","","","","","",0.00,0.00,0.00,0.00,Cash,"","","",0,0.00,0.00,"","","","",2020-08-26 00:00:00,2020-08-26 00:00:00,2020-08-27 00:00:00,2020-08-26 15:13:00,2020-08-27 05:54:00,,,2020-08-26 13:01:00,,,jagan,,,,0,0,0,0,0,,,,,,,,,0,0,0,0,0,0,0,1,70242,141,141,0,0,0,0,0,"","","","","","","","","","","",0
"01",ICJ,"61882",COOLER,Entered,CDC-20190716-03,,,,,"1156",First Choice Beverage,"265 Courtneypark Dr. E.","","",Mississauga,ON,CAN,"","","","","","","","","",0.00,0.00,0.00,0.00,Cash,"","","",0,0.00,0.00,"","","","",2019-07-16 00:00:00,2019-07-16 00:00:00,,,,,,2019-07-16 17:44:00,,,,,,,0,0,0,0,0,,,,,,,,,0,0,0,0,0,0,0,1,66341,0,0,0,0,0,0,0,"","","","","","","","","","","",0
"01",MM,"65706",COOLER,Complete,"90348",,,,,"1146",First Choice Beverage,"265 Courtneypark Dr. E.","","",Mississauga,ON,CAN,L5T 2T6,"","","","","","","","",0.00,0.00,0.00,0.00,Cash,"","","",0,0.00,0.00,"","","","",2020-08-27 00:00:00,2020-08-27 00:00:00,2020-09-12 00:00:00,2020-08-27 04:06:00,,,,2020-08-27 00:38:00,,,felix,,,,0,0,0,0,0,,,,,,,,,0,0,0,0,0,0,0,1,70246,130,130,0,0,0,0,0,"","","","","","","","","","","",0
"01",MM,"65744",COOLER,Complete,"90354",,,,,"1146",First Choice Beverage,"265 Courtneypark Dr. E.","","",Mississauga,ON,CAN,L5T 2T6,"","","","","","","","",0.00,0.00,0.00,0.00,Cash,"","","",0,0.00,0.00,"","","","",2020-08-31 00:00:00,2020-08-31 00:00:00,2020-09-01 00:00:00,2020-08-31 23:13:00,,,,2020-08-31 21:00:00,,,chen,,,,0,0,0,0,0,,,,,,,,,0,0,0,0,0,0,0,1,70285,169,169,0,0,0,0,0,"","","","","","","","","","","",0
"01",ICJ,"62709",cooler,Complete,cdc-20191004-04,,,,,"1156",First Choice Beverage,"265 Courtneypark Dr. E.","","",Mississauga,ON,CAN,"","","","","","","","","",0.00,0.00,0.00,0.00,Cash,"","","",0,0.00,0.00,"","","","",2019-10-04 00:00:00,2019-10-04 00:00:00,2019-10-04 00:00:00,2019-10-04 20:23:00,2019-10-04 20:26:00,,,2019-10-04 19:31:00,,,felix,,,,0,0,0,0,0,,,,,,,,,0,0,0,0,0,0,0,1,67204,2,2,0,0,0,0,0,"","","","","","","","","","","",0
"01",MM,"65721",COOLER,Complete,"90350",,,,,"1146",First Choice Beverage,"265 Courtneypark Dr. E.","","",Mississauga,ON,CAN,L5T 2T6,"","","","","","","","",0.00,0.00,0.00,0.00,Cash,"","","",0,0.00,0.00,"","","","",2020-08-27 00:00:00,2020-08-27 00:00:00,2020-09-01 00:00:00,2020-08-27 22:54:00,2020-08-28 07:03:00,,,2020-08-27 22:52:00,,,rishab,,,,0,0,0,0,0,,,,,,,,,0,0,0,0,0,0,0,1,70261,62,63,0,0,0,0,0,"","","","","","","","","","","",0
"01",MM,"65804",REGULAR,Complete,"3670450843",,,,,"1164",CHEP Canada Inc,"","","","","","","","","","","","","","","",0.00,0.00,0.00,0.00,Cash,"","","",0,0.00,0.00,"","","","",2020-09-09 00:00:00,2020-09-09 00:00:00,2020-09-09 00:00:00,2020-09-09 08:30:00,,,,2020-09-09 08:29:00,,,freeman,,,,0,0,0,0,0,,,,,,,,,0,0,0,0,0,0,0,1,70345,1,504,0,0,0,0,0,"","","","","","","","","","","",0
"01",MM,"65726",COOLER,In Progress,"90351",,,,,"1146",First Choice Beverage,"265 Courtneypark Dr. E.","","",Mississauga,ON,CAN,L5T 2T6,"","","","","","","","",0.00,0.00,0.00,0.00,Cash,"","","",0,0.00,0.00,"","","","",2020-08-28 00:00:00,2020-08-28 00:00:00,2020-08-29 00:00:00,2020-08-28 09:23:00,,,,2020-08-28 07:55:00,,,rishab,,,,0,0,0,0,0,,,,,,,,,0,0,0,0,0,0,0,1,70266,187,187,0,0,0,0,0,"","","","","","","","","","","",0
"01",MM,"65747",COOLER,Complete,"90355",,,,,"1146",First Choice Beverage,"265 Courtneypark Dr. E.","","",Mississauga,ON,CAN,L5T 2T6,"","","","","","","","",0.00,0.00,0.00,0.00,Cash,"","","",0,0.00,0.00,"","","","",2020-09-01 00:00:00,2020-09-01 00:00:00,2020-09-01 00:00:00,2020-09-01 12:24:00,,,,2020-09-01 10:59:00,,,chen,,,,0,0,0,0,0,,,,,,,,,0,0,0,0,0,0,0,1,70288,113,113,0,0,0,0,0,"","","","","","","","","","","",0
"01",MM,"65731",COOLER,Complete,"90352",,,,,"1146",First Choice Beverage,"265 Courtneypark Dr. E.","","",Mississauga,ON,CAN,L5T 2T6,"","","","","","","","",0.00,0.00,0.00,0.00,Cash,"","","",0,0.00,0.00,"","","","",2020-08-28 00:00:00,2020-08-28 00:00:00,2020-08-29 00:00:00,2020-08-29 01:49:00,,,,2020-08-28 21:54:00,,,jagan,,,,0,0,0,0,0,,,,,,,,,0,0,0,0,0,0,0,1,70271,122,122,0,0,0,0,0,"","","","","","","","","","","",0
"01",MM,"65736",COOLER,In Progress,"90353",,,,,"1146",First Choice Beverage,"265 Courtneypark Dr. E.","","",Mississauga,ON,CAN,L5T 2T6,"","","","","","","","",0.00,0.00,0.00,0.00,Cash,"","","",0,0.00,0.00,"","","","",2020-08-31 00:00:00,2020-08-31 00:00:00,2020-09-01 00:00:00,2020-08-31 07:59:00,,,,2020-08-31 06:51:00,,,rishab,,,,0,0,0,0,0,,,,,,,,,0,0,0,0,0,0,0,1,70276,213,213,0,0,0,0,0,"","","","","","","","","","","",0
"01",MM,"65752",COOLER,Complete,"90356",,,,,"1146",First Choice Beverage,"265 Courtneypark Dr. E.","","",Mississauga,ON,CAN,L5T 2T6,"","","","","","","","",0.00,0.00,0.00,0.00,Cash,"","","",0,0.00,0.00,"","","","",2020-09-01 00:00:00,2020-09-01 00:00:00,2020-09-11 00:00:00,2020-09-01 20:31:00,,,,2020-09-01 19:52:00,,,jagan,,,,0,0,0,0,0,,,,,,,,,0,0,0,0,0,0,0,1,70293,130,130,0,0,0,0,0,"","","","","","","","","","","",0
"01",MM,"65755",COOLER,In Progress,"90357",,,,,"1146",First Choice Beverage,"265 Courtneypark Dr. E.","","",Mississauga,ON,CAN,L5T 2T6,"","","","","","","","",0.00,0.00,0.00,0.00,Cash,"","","",0,0.00,0.00,"","","","",2020-09-02 00:00:00,2020-09-02 00:00:00,2020-09-03 00:00:00,2020-09-02 10:31:00,,,,2020-09-02 09:42:00,,,rob,,,,0,0,0,0,0,,,,,,,,,0,0,0,0,0,0,0,1,70296,139,139,0,0,0,0,0,"","","","","","","","","","","",0
"01",MM,"65764",COOLER,In Progress,"90358",,,,,"1146",First Choice Beverage,"265 Courtneypark Dr. E.","","",Mississauga,ON,CAN,L5T 2T6,"","","","","","","","",0.00,0.00,0.00,0.00,Cash,"","","",0,0.00,0.00,"","","","",2020-09-03 00:00:00,2020-09-03 00:00:00,2020-09-03 00:00:00,2020-09-03 06:14:00,,,,2020-09-03 01:17:00,,,rob,,,,0,0,0,0,0,,,,,,,,,0,0,0,0,0,0,0,1,70305,27,27,0,0,0,0,0,"","","","","","","","","","","",0
"01",MM,"65765",COOLER,In Progress,"90359",,,,,"1146",First Choice Beverage,"265 Courtneypark Dr. E.","","",Mississauga,ON,CAN,L5T 2T6,"","","","","","","","",0.00,0.00,0.00,0.00,Cash,"","","",0,0.00,0.00,"","","","",2020-09-03 00:00:00,2020-09-03 00:00:00,2020-09-04 00:00:00,2020-09-03 09:45:00,,,,2020-09-03 06:46:00,,,chen,,,,0,0,0,0,0,,,,,,,,,0,0,0,0,0,0,0,1,70306,160,160,0,0,0,0,0,"","","","","","","","","","","",0
"01",MM,"65769",COOLER,Complete,"90360",,,,,"1146",First Choice Beverage,"265 Courtneypark Dr. E.","","",Mississauga,ON,CAN,L5T 2T6,"","","","","","","","",0.00,0.00,0.00,0.00,Cash,"","","",0,0.00,0.00,"","","","",2020-09-03 00:00:00,2020-09-03 00:00:00,2020-09-04 00:00:00,2020-09-04 04:23:00,,,,2020-09-03 15:35:00,,,jamer,,,,0,0,0,0,0,,,,,,,,,0,0,0,0,0,0,0,1,70310,60,60,0,0,0,0,0,"","","","","","","","","","","",0
"01",MM,"65754",COOLER,Complete,"4701650881",,,,,"",trenton,"","","","","","","","","","","","","","","",0.00,0.00,0.00,0.00,Cash,"","","",0,0.00,0.00,"","","","",2020-09-02 00:00:00,2020-09-02 00:00:00,2020-09-02 00:00:00,2020-09-02 08:00:00,,,,2020-09-02 07:54:00,,,freeman,,,,0,0,0,0,0,,,,,,,,,0,0,0,0,0,0,0,1,70295,24,96,0,0,0,0,0,"","","","","","","","","","","",0
"01",MM,"65756",REGULAR,Complete,"4508490743",,,,,"1151",Norampac,"655 Creditstone Rd","","",Vaugham,ON,Canada,L4K 5P9,"","905 760 3900","","","","","","",0.00,0.00,0.00,0.00,Cash,"","","",0,0.00,0.00,"","","","",2020-09-02 00:00:00,2020-09-02 00:00:00,2020-09-02 00:00:00,2020-09-02 14:10:00,,,,2020-09-02 10:30:00,,,freeman,,,,0,0,0,0,0,,,,,,,,,0,0,0,0,0,0,0,1,70297,1,119350,0,0,0,0,0,"","","","","","","","","","","",0
"01",MM,"65748",REGULAR,Complete,"4508504784",,,,,"",GIVAUDAN,"","","","","","","","","","","","","","","",0.00,0.00,0.00,0.00,Cash,"","","",0,0.00,0.00,"","","","",2020-09-01 00:00:00,2020-09-01 00:00:00,2020-09-01 00:00:00,2020-09-01 14:15:00,,,,2020-09-01 14:05:00,,,freeman,,,,0,0,0,0,0,,,,,,,,,0,0,0,0,0,0,0,1,70289,1,1,0,0,0,0,0,"","","","","","","","","","","",0
"01",ICJ,"64717",REGULAR,Complete,cdc20200513,,,,,"1156",First Choice Beverage,"265 Courtneypark Dr. E.","","",Mississauga,ON,CAN,"","","","","","","","","",0.00,0.00,0.00,0.00,Cash,"","","",0,0.00,0.00,"","","","",2020-05-14 00:00:00,2020-05-21 00:00:00,2020-05-14 00:00:00,2020-05-14 11:04:00,2020-05-14 11:18:00,,,2020-05-14 10:21:00,,,freeman,,,,0,0,0,0,0,,,,,,,,,0,0,0,0,0,0,0,1,69246,1,1,0,0,0,0,0,"","","","","","","","","","","",0
"01",MM,"65773",COOLER,Complete,"90361",,,,,"1146",First Choice Beverage,"265 Courtneypark Dr. E.","","",Mississauga,ON,CAN,L5T 2T6,"","","","","","","","",0.00,0.00,0.00,0.00,Cash,"","","",0,0.00,0.00,"","","","",2020-09-04 00:00:00,2020-09-04 00:00:00,2020-09-04 00:00:00,2020-09-04 10:29:00,,,,2020-09-04 08:44:00,,,harman,,,,0,0,0,0,0,,,,,,,,,0,0,0,0,0,0,0,1,70314,30,30,0,0,0,0,0,"","","","","","","","","","","",0
"01",MM,"65751",REGULAR,Complete,"4505836600",,,,,"",SOUTHEASTERN,"","","","","","","","","","","","","","","",0.00,0.00,0.00,0.00,Cash,"","","",0,0.00,0.00,"","","","",2020-09-01 00:00:00,2020-09-01 00:00:00,2020-09-01 00:00:00,2020-09-01 14:18:00,2020-09-01 14:32:00,,,2020-09-01 14:16:00,,,freeman,,,,0,0,0,0,0,,,,,,,,,0,0,0,0,0,0,0,1,70292,1,50,0,0,0,0,0,"","","","","","","","","","","",0
"01",MM,"65775",COOLER,Complete,"90362",,,,,"1146",First Choice Beverage,"265 Courtneypark Dr. E.","","",Mississauga,ON,CAN,L5T 2T6,"","","","","","","","",0.00,0.00,0.00,0.00,Cash,"","","",0,0.00,0.00,"","","","",2020-09-04 00:00:00,2020-09-04 00:00:00,2020-09-05 00:00:00,2020-09-04 19:58:00,,,,2020-09-04 19:53:00,,,jagan,,,,0,0,0,0,0,,,,,,,,,0,0,0,0,0,0,0,1,70316,136,136,0,0,0,0,0,"","","","","","","","","","","",0
"01",ICJ,"64902",REGULAR,Complete,cdc-020620,,,,,"1158",FCB,"265 Courtneypark D.E","","",Mississauga,ON,CAN,L5T 2T6,"","","","","","","","",0.00,0.00,0.00,0.00,Cash,"","","",0,0.00,0.00,"","","","",2020-06-02 00:00:00,2020-06-02 00:00:00,2020-06-02 00:00:00,2020-06-02 14:41:00,,,,2020-06-02 14:39:00,,,freeman,,,,0,0,0,0,0,,,,,,,,,0,0,0,0,0,0,0,1,69435,2,2,0,0,0,0,0,"","","","","","","","","","","",0
"01",MM,"65779",cooler,In Progress,drums-090520,,,,,"",CN-drums,"","","","","","","","","","","","","","","",0.00,0.00,0.00,0.00,Cash,"","","",0,0.00,0.00,"","","","",2020-09-05 00:00:00,2020-09-05 00:00:00,2020-09-05 00:00:00,2020-09-05 11:31:00,,,,2020-09-05 11:13:00,,,felix,,,,0,0,0,0,0,,,,,,,,,0,0,0,0,0,0,0,1,70320,24,88,0,0,0,0,0,"","","","","","","","","","","",0
"01",ICJ,"61556",COOLER,Complete,CDC-20190617-03,,,,,"",FCB,"","","","","","","","","","","","","","","",0.00,0.00,0.00,0.00,Cash,"","","",0,0.00,0.00,"","","","",2019-06-18 00:00:00,2019-06-25 00:00:00,2019-06-18 00:00:00,2019-06-18 07:51:00,2019-06-18 07:52:00,,,2019-06-18 07:24:00,,,cesar,,,,0,0,0,0,0,,,,,,,,,0,0,0,0,0,0,0,1,65955,1,1,0,0,0,0,0,"","","","","","","","","","","",0
"01",MM,"65633",REGULAR,In Progress,"200869723",,,,,"",mm,"","","","","","","","","","","","","","","",0.00,0.00,0.00,0.00,Cash,"","","",0,0.00,0.00,"","","","",2020-08-17 00:00:00,2020-08-17 00:00:00,2020-08-17 00:00:00,2020-08-17 13:59:00,,,,2020-08-17 13:39:00,,,freeman,,,,0,0,0,0,0,,,,,,,,,0,0,0,0,0,0,0,1,70172,3,34,0,0,0,0,0,"","","","","","","","","","","",0
"01",MM,"65792",REGULAR,Complete,"4508544070",,,,,"1164",CHEP Canada Inc,"","","","","","","","","","","","","","","",0.00,0.00,0.00,0.00,Cash,"","","",0,0.00,0.00,"","","","",2020-09-08 00:00:00,2020-09-15 00:00:00,2020-09-08 00:00:00,2020-09-08 14:45:00,,,,2020-09-08 10:41:00,,,freeman,,,,0,0,0,0,0,,,,,,,,,0,0,0,0,0,0,0,1,70333,1,504,0,0,0,0,0,"","","","","","","","","","","",0
"01",MM,"65645",REGULAR,In Progress,"4508490741",,,,,"1151",Norampac,"655 Creditstone Rd","","",Vaugham,ON,Canada,L4K 5P9,"","905 760 3900","","","","","","",0.00,0.00,0.00,0.00,Cash,"","","",0,0.00,0.00,"","","","",2020-08-19 00:00:00,2020-08-12 00:00:00,2020-08-19 00:00:00,2020-08-19 10:05:00,,,,2020-08-19 09:57:00,,,freeman,,,,0,0,0,0,0,,,,,,,,,0,0,0,0,0,0,0,1,70185,1,115200,0,0,0,0,0,"","","","","","","","","","","",0
"01",MM,"65796",COOLER,Complete,"200881538",,,,,"",TCS,"","","","","","","","","","","","","","","",0.00,0.00,0.00,0.00,Cash,"","","",0,0.00,0.00,"","","","",2020-09-08 00:00:00,2020-09-15 00:00:00,2020-09-08 00:00:00,2020-09-08 14:07:00,,,,2020-09-08 14:02:00,,,freeman,,,,0,0,0,0,0,,,,,,,,,0,0,0,0,0,0,0,1,70337,25,120,0,0,0,0,0,"","","","","","","","","","","",0
"01",MM,"65724",REGULAR,Complete,"4508536813",,,,,"1151",Norampac,"655 Creditstone Rd","","",Vaugham,ON,Canada,L4K 5P9,"","905 760 3900","","","","","","",0.00,0.00,0.00,0.00,Cash,"","","",0,0.00,0.00,"","","","",2020-08-28 00:00:00,2020-08-28 00:00:00,2020-08-28 00:00:00,2020-08-28 07:55:00,,,,2020-08-28 07:45:00,,,freeman,,,,0,0,0,0,0,,,,,,,,,0,0,0,0,0,0,0,1,70264,2,18015,0,0,0,0,0,"","","","","","","","","","","",0
"01",MM,"65725",REGULAR,Complete,"4508520878",,,,,"",spear,"","","","","","","","","","","","","","","",0.00,0.00,0.00,0.00,Cash,"","","",0,0.00,0.00,"","","","",2020-08-28 00:00:00,2020-08-28 00:00:00,2020-08-28 00:00:00,2020-08-28 08:12:00,2020-08-28 08:27:00,,,2020-08-28 07:49:00,,,freeman,,,,0,0,0,0,0,,,,,,,,,0,0,0,0,0,0,0,1,70265,5,700000,0,0,0,0,0,"","","","","","","","","","","",0
"01",MM,"65799",REGULAR,Complete,"84486176",,,,,"",WALMART RETURN MIDPOINT,"","","","","","","","","","","","","","","",0.00,0.00,0.00,0.00,Cash,"","","",0,0.00,0.00,"","","","",2020-09-08 00:00:00,2020-09-15 00:00:00,2020-09-10 00:00:00,2020-09-10 16:59:00,2020-09-10 17:16:00,,,2020-09-08 16:19:00,,,felix,,,,0,0,0,0,0,,,,,,,,,0,0,0,0,0,0,0,1,70340,5,8,0,0,0,0,0,"","","","","","","","","","","",0
"01",MM,"65652",REGULAR,Complete,o96579,,,,,"",i.c.s,"","","","","","","","","","","","","","","",0.00,0.00,0.00,0.00,Cash,"","","",0,0.00,0.00,"","","","",2020-08-20 00:00:00,2020-08-20 00:00:00,2020-08-21 00:00:00,2020-08-20 14:30:00,,,,2020-08-20 12:44:00,,,freeman,,,,0,0,0,0,0,,,,,,,,,0,0,0,0,0,0,0,1,70192,37,136,0,0,0,0,0,"","","","","","","","","","","",0
"01",MM,"65705",cooler,Complete,"096662",,,,,"",drums,"","","","","","","","","","","","","","","",0.00,0.00,0.00,0.00,Cash,"","","",0,0.00,0.00,"","","","",2020-08-26 00:00:00,2020-08-26 00:00:00,2020-08-26 00:00:00,2020-08-26 21:34:00,2020-09-01 14:58:00,,,2020-08-26 20:53:00,,,felix,,,,0,0,0,0,0,,,,,,,,,0,0,0,0,0,0,0,1,70245,10,36,0,0,0,0,0,"","","","","","","","","","","",0
"01",MM,"65623",COOLER,In Progress,"90330",,,,,"1146",First Choice Beverage,"265 Courtneypark Dr. E.","","",Mississauga,ON,CAN,L5T 2T6,"","","","","","","","",0.00,0.00,0.00,0.00,Cash,"","","",0,0.00,0.00,"","","","",2020-08-15 00:00:00,2020-08-15 00:00:00,2020-08-17 00:00:00,2020-08-15 16:16:00,,,,2020-08-15 11:45:00,,,jeff,,,,0,0,0,0,0,,,,,,,,,0,0,0,0,0,0,0,1,70162,140,140,0,0,0,0,0,"","","","","","","","","","","",0
"01",SOYA,"65834",COOLER,In Progress,"52870",,,,,"1158",FCB,"265 Courtneypark D.E","","",Mississauga,ON,CAN,L5T 2T6,"","","","","","","","",0.00,0.00,0.00,0.00,Cash,"","","",0,0.00,0.00,"","","","",2020-09-12 00:00:00,2020-09-12 00:00:00,2020-09-12 00:00:00,2020-09-12 20:50:00,,,,2020-09-12 19:18:00,,,jamer,,,,0,0,0,0,0,,,,,,,,,0,0,0,0,0,0,0,1,70375,12,941,0,0,0,0,0,"","","","","","","","","","","",0
"01",SOYA,"65835",COOLER,Complete,"52872",,,,,"1158",FCB,"265 Courtneypark D.E","","",Mississauga,ON,CAN,L5T 2T6,"","","","","","","","",0.00,0.00,0.00,0.00,Cash,"","","",0,0.00,0.00,"","","","",2020-09-12 00:00:00,2020-09-12 00:00:00,2020-09-13 00:00:00,2020-09-12 22:09:00,,,,2020-09-12 21:29:00,,,rishab,,,,0,0,0,0,0,,,,,,,,,0,0,0,0,0,0,0,1,70376,32,2503,0,0,0,0,0,"","","","","","","","","","","",0
"01",SOYA,"65836",COOLER,In Progress,"52873",,,,,"1158",FCB,"265 Courtneypark D.E","","",Mississauga,ON,CAN,L5T 2T6,"","","","","","","","",0.00,0.00,0.00,0.00,Cash,"","","",0,0.00,0.00,"","","","",2020-09-13 00:00:00,2020-09-13 00:00:00,2020-09-13 00:00:00,2020-09-13 02:46:00,,,,2020-09-13 02:14:00,,,jagan,,,,0,0,0,0,0,,,,,,,,,0,0,0,0,0,0,0,1,70377,71,5624,0,0,0,0,0,"","","","","","","","","","","",0
"01",MM,"65794",REGULAR,Complete,"4508520170",,,,,"",BERRY,"","","","","","","","","","","","","","","",0.00,0.00,0.00,0.00,Cash,"","","",0,0.00,0.00,"","","","",2020-09-08 00:00:00,2020-09-08 00:00:00,2020-09-08 00:00:00,2020-09-08 14:42:00,,,,2020-09-08 12:37:00,,,freeman,,,,0,0,0,0,0,,,,,,,,,0,0,0,0,0,0,0,1,70335,1,564480,0,0,0,0,0,"","","","","","","","","","","",0
"01",ICJ,"62483",cooler,Complete,mm-20190909,,,,,"1156",First Choice Beverage,"265 Courtneypark Dr. E.","","",Mississauga,ON,CAN,"","","","","","","","","",0.00,0.00,0.00,0.00,Cash,"","","",0,0.00,0.00,"","","","",2019-09-09 00:00:00,2019-09-09 00:00:00,2019-09-09 00:00:00,2019-09-09 19:39:00,2019-09-09 20:02:00,,,2019-09-09 16:29:00,,,brar,,,,0,0,0,0,0,,,,,,,,,0,0,0,0,0,0,0,1,66961,5,5,0,0,0,0,0,"","","","","","","","","","","",0
"01",AODA,"44356",REGULAR,Closed,CHEF RETURN,,,,,"",AODA,"","","","","","","","","","","","","","","",0.00,0.00,0.00,0.00,Cash,"","","",0,0.00,0.00,"","","","",2016-06-23 00:00:00,2016-06-23 00:00:00,2016-06-23 00:00:00,2016-06-23 14:20:00,,,,2016-06-23 14:13:00,,2016-06-23 14:26:00,,,,,0,0,0,0,0,,,,,,,,,0,0,0,0,0,0,0,1,66997,0,0,0,1,0,0,0,"","","","","","","","","","","",0
"01",MM,"65837",COOLER,In Progress,"90375",,,,,"1146",First Choice Beverage,"265 Courtneypark Dr. E.","","",Mississauga,ON,CAN,L5T 2T6,"","","","","","","","",0.00,0.00,0.00,0.00,Cash,"","","",0,0.00,0.00,"","","","",2020-09-13 00:00:00,2020-09-13 00:00:00,2020-09-13 00:00:00,2020-09-13 02:24:00,,,,2020-09-13 02:24:00,,,jagan,,,,0,0,0,0,0,,,,,,,,,0,0,0,0,0,0,0,1,70378,44,44,0,0,0,0,0,"","","","","","","","","","","",0
"01",ICJ,"64994",REGULAR,Complete,cdc-203202611-1,,,,,"",fcb,"","","","","","","","","","","","","","","",0.00,0.00,0.00,0.00,Cash,"","","",0,0.00,0.00,"","","","",2020-06-11 00:00:00,2020-06-18 00:00:00,2020-06-11 00:00:00,2020-06-11 11:56:00,,,,2020-06-11 11:52:00,,,freeman,,,,0,0,0,0,0,,,,,,,,,0,0,0,0,0,0,0,1,69528,1,1,0,0,0,0,0,"","","","","","","","","","","",0
"01",MM,"65691",REGULAR,Complete,"200875562",,,,,"",TCS,"","","","","","","","","","","","","","","",0.00,0.00,0.00,0.00,Cash,"","","",0,0.00,0.00,"","","","",2020-08-25 00:00:00,2020-09-01 00:00:00,2020-08-25 00:00:00,2020-08-25 13:17:00,,,,2020-08-25 11:12:00,,,freeman,,,,0,0,0,0,0,,,,,,,,,0,0,0,0,0,0,0,1,70231,10,43,0,0,0,0,0,"","","","","","","","","","","",0
"01",MM,"65692",REGULAR,Complete,"200875563",,,,,"",TCS,"","","","","","","","","","","","","","","",0.00,0.00,0.00,0.00,Cash,"","","",0,0.00,0.00,"","","","",2020-08-25 00:00:00,2020-09-01 00:00:00,2020-08-25 00:00:00,2020-08-25 11:30:00,,,,2020-08-25 11:13:00,,,freeman,,,,0,0,0,0,0,,,,,,,,,0,0,0,0,0,0,0,1,70232,16,75,0,0,0,0,0,"","","","","","","","","","","",0
"01",ICJ,"65219",REGULAR,Complete,cdc-20200708,,,,,"",f.c.b,"","","","","","","","","","","","","","","",0.00,0.00,0.00,0.00,Cash,"","","",0,0.00,0.00,"","","","",2020-07-08 00:00:00,2020-07-15 00:00:00,2020-07-08 00:00:00,2020-07-08 12:53:00,2020-07-08 12:55:00,,,2020-07-08 12:47:00,,,freeman,,,,0,0,0,0,0,,,,,,,,,0,0,0,0,0,0,0,1,69753,1,1,0,0,0,0,0,"","","","","","","","","","","",0
"01",ICJ,"65065",REGULAR,Complete,cdc-20200618-1,,,,,"1156",First Choice Beverage,"265 Courtneypark Dr. E.","","",Mississauga,ON,CAN,"","","","","","","","","",0.00,0.00,0.00,0.00,Cash,"","","",0,0.00,0.00,"","","","",2020-06-18 00:00:00,2020-06-18 00:00:00,2020-06-18 00:00:00,2020-06-18 13:21:00,2020-06-18 13:24:00,,,2020-06-18 12:38:00,,,freeman,,,,0,0,0,0,0,,,,,,,,,0,0,0,0,0,0,0,1,69599,2,2,0,0,0,0,0,"","","","","","","","","","","",0
"01",MM,"65635",COOLER,Complete,"90333",,,,,"1146",First Choice Beverage,"265 Courtneypark Dr. E.","","",Mississauga,ON,CAN,L5T 2T6,"","","","","","","","",0.00,0.00,0.00,0.00,Cash,"","","",0,0.00,0.00,"","","","",2020-08-17 00:00:00,2020-08-17 00:00:00,2020-08-20 00:00:00,2020-08-18 00:14:00,,,,2020-08-17 23:46:00,,,jas,,,,0,0,0,0,0,,,,,,,,,0,0,0,0,0,0,0,1,70175,150,150,0,0,0,0,0,"","","","","","","","","","","",0
"01",MM,"65629",COOLER,In Progress,"90331",,,,,"1146",First Choice Beverage,"265 Courtneypark Dr. E.","","",Mississauga,ON,CAN,L5T 2T6,"","","","","","","","",0.00,0.00,0.00,0.00,Cash,"","","",0,0.00,0.00,"","","","",2020-08-17 00:00:00,2020-08-17 00:00:00,2020-08-17 00:00:00,2020-08-17 09:30:00,,,,2020-08-17 06:50:00,,,harjot,,,,0,0,0,0,0,,,,,,,,,0,0,0,0,0,0,0,1,70168,26,26,0,0,0,0,0,"","","","","","","","","","","",0
"01",MM,"65758",REGULAR,Complete,"4508544080",,,,,"",CASCADES,"","","","","","","","","","","","","","","",0.00,0.00,0.00,0.00,Cash,"","","",0,0.00,0.00,"","","","",2020-09-02 00:00:00,2020-09-09 00:00:00,2020-09-02 00:00:00,2020-09-02 14:08:00,,,,2020-09-02 12:59:00,,,freeman,,,,0,0,0,0,0,,,,,,,,,0,0,0,0,0,0,0,1,70299,2,18004,0,0,0,0,0,"","","","","","","","","","","",0
"01",MM,"65631",COOLER,Complete,"90332",,,,,"1146",First Choice Beverage,"265 Courtneypark Dr. E.","","",Mississauga,ON,CAN,L5T 2T6,"","","","","","","","",0.00,0.00,0.00,0.00,Cash,"","","",0,0.00,0.00,"","","","",2020-08-17 00:00:00,2020-08-17 00:00:00,2020-09-12 00:00:00,2020-08-17 12:01:00,,,,2020-08-17 09:23:00,,,felix,,,,0,0,0,0,0,,,,,,,,,0,0,0,0,0,0,0,1,70170,142,142,0,0,0,0,0,"","","","","","","","","","","",0
"01",MM,"65716",COOLER,In Progress,"90349",,,,,"1146",First Choice Beverage,"265 Courtneypark Dr. E.","","",Mississauga,ON,CAN,L5T 2T6,"","","","","","","","",0.00,0.00,0.00,0.00,Cash,"","","",0,0.00,0.00,"","","","",2020-08-27 00:00:00,2020-08-27 00:00:00,2020-08-27 00:00:00,2020-08-27 17:25:00,,,,2020-08-27 15:06:00,,,joban,,,,0,0,0,0,0,,,,,,,,,0,0,0,0,0,0,0,1,70256,53,53,0,0,0,0,0,"","","","","","","","","","","",0
"01",MM,"65638",COOLER,Complete,"90334",,,,,"1146",First Choice Beverage,"265 Courtneypark Dr. E.","","",Mississauga,ON,CAN,L5T 2T6,"","","","","","","","",0.00,0.00,0.00,0.00,Cash,"","","",0,0.00,0.00,"","","","",2020-08-18 00:00:00,2020-08-18 00:00:00,2020-08-26 00:00:00,2020-08-18 13:00:00,,,,2020-08-18 11:15:00,,,josh,,,,0,0,0,0,0,,,,,,,,,0,0,0,0,0,0,0,1,70178,43,43,0,0,0,0,0,"","","","","","","","","","","",0
"01",MM,"65641",COOLER,Complete,"90335",,,,,"1146",First Choice Beverage,"265 Courtneypark Dr. E.","","",Mississauga,ON,CAN,L5T 2T6,"","","","","","","","",0.00,0.00,0.00,0.00,Cash,"","","",0,0.00,0.00,"","","","",2020-08-18 00:00:00,2020-08-18 00:00:00,2020-08-19 00:00:00,2020-08-18 17:49:00,,,,2020-08-18 17:10:00,,,rob,,,,0,0,0,0,0,,,,,,,,,0,0,0,0,0,0,0,1,70181,113,113,0,0,0,0,0,"","","","","","","","","","","",0
"01",MM,"65720",cooler,Complete,"397073",,,,,"",return,"","","","","","","","","","","","","","","",0.00,0.00,0.00,0.00,Cash,"","","",0,0.00,0.00,"","","","",2020-08-27 00:00:00,2020-08-27 00:00:00,2020-08-27 00:00:00,2020-08-27 21:59:00,2020-08-27 21:59:00,,,2020-08-27 21:57:00,,,felix,,,,0,0,0,0,0,,,,,,,,,0,0,0,0,0,0,0,1,70260,2,2,0,0,0,0,0,"","","","","","","","","","","",0
"01",MM,"65687",REGULAR,Complete,"4508512517",,,,,"",berry,"","","","","","","","","","","","","","","",0.00,0.00,0.00,0.00,Cash,"","","",0,0.00,0.00,"","","","",2020-08-25 00:00:00,2020-08-25 00:00:00,2020-08-25 00:00:00,2020-08-25 07:24:00,2020-08-25 07:26:00,,,2020-08-25 07:14:00,,,freeman,,,,0,0,0,0,0,,,,,,,,,0,0,0,0,0,0,0,1,70227,1,564480,0,0,0,0,0,"","","","","","","","","","","",0
"01",MM,"65727",REGULAR,Complete,"4508536493",,,,,"1164",CHEP Canada Inc,"","","","","","","","","","","","","","","",0.00,0.00,0.00,0.00,Cash,"","","",0,0.00,0.00,"","","","",2020-08-28 00:00:00,2020-09-04 00:00:00,2020-08-28 00:00:00,2020-08-28 12:44:00,2020-08-28 12:45:00,,,2020-08-28 10:16:00,,,freeman,,,,0,0,0,0,0,,,,,,,,,0,0,0,0,0,0,0,1,70267,1,504,0,0,0,0,0,"","","","","","","","","","","",0
"01",MM,"65729",REGULAR,Complete,"20200827",,,,,"1146",First Choice Beverage,"265 Courtneypark Dr. E.","","",Mississauga,ON,CAN,L5T 2T6,"","","","","","","","",0.00,0.00,0.00,0.00,Cash,"","","",0,0.00,0.00,"","","","",2020-08-28 00:00:00,2020-08-28 00:00:00,2020-08-28 00:00:00,2020-08-28 12:41:00,,,,2020-08-28 12:36:00,,,freeman,,,,0,0,0,0,0,,,,,,,,,0,0,0,0,0,0,0,1,70269,6,20,0,0,0,0,0,"","","","","","","","","","","",0
"01",SOYA,"65800",COOLER,In Progress,"52852",,,,,"1158",FCB,"265 Courtneypark D.E","","",Mississauga,ON,CAN,L5T 2T6,"","","","","","","","",0.00,0.00,0.00,0.00,Cash,"","","",0,0.00,0.00,"","","","",2020-09-08 00:00:00,2020-09-08 00:00:00,2020-09-09 00:00:00,2020-09-08 22:46:00,,,,2020-09-08 21:34:00,,,jagan,,,,0,0,0,0,0,,,,,,,,,0,0,0,0,0,0,0,1,70341,62,4952,0,0,0,0,0,"","","","","","","","","","","",0
"01",SOYA,"65676",COOLER,Closed,"33611",,,,,"1170",Earth's Own Annacis Plant,"511 Audley Blvd","","",Annacis,BC,Canada,V3M 5S5,"","","","","","","","",0.00,0.00,0.00,0.00,Cash,"","","",0,0.00,0.00,"","","","",2020-08-23 00:00:00,2020-08-30 00:00:00,2020-08-23 00:00:00,2020-08-23 13:11:00,,,,2020-08-23 09:48:00,,2020-08-26 11:01:00,harjot,,,,0,0,0,0,0,,,,,,,,,0,0,0,0,0,0,0,1,70279,0,0,0,1,0,0,0,"","","","","","","","","","","",0
"01",MM,"65801",COOLER,In Progress,"90367",,,,,"1146",First Choice Beverage,"265 Courtneypark Dr. E.","","",Mississauga,ON,CAN,L5T 2T6,"","","","","","","","",0.00,0.00,0.00,0.00,Cash,"","","",0,0.00,0.00,"","","","",2020-09-09 00:00:00,2020-09-09 00:00:00,2020-09-10 00:00:00,2020-09-09 03:59:00,,,,2020-09-09 02:48:00,,,jagan,,,,0,0,0,0,0,,,,,,,,,0,0,0,0,0,0,0,1,70342,305,305,0,0,0,0,0,"","","","","","","","","","","",0
"01",MM,"65778",COOLER,Complete,"90363",,,,,"1146",First Choice Beverage,"265 Courtneypark Dr. E.","","",Mississauga,ON,CAN,L5T 2T6,"","","","","","","","",0.00,0.00,0.00,0.00,Cash,"","","",0,0.00,0.00,"","","","",2020-09-05 00:00:00,2020-09-05 00:00:00,2020-09-05 00:00:00,2020-09-05 09:01:00,,,,2020-09-05 07:25:00,,,jamer,,,,0,0,0,0,0,,,,,,,,,0,0,0,0,0,0,0,1,70319,84,84,0,0,0,0,0,"","","","","","","","","","","",0
"01",MM,"65762",REGULAR,Complete,"4508534674",,,,,"",SPEAR LABELS,"","","","","","","","","","","","","","","",0.00,0.00,0.00,0.00,Cash,"","","",0,0.00,0.00,"","","","",2020-09-02 00:00:00,2020-09-09 00:00:00,2020-09-02 00:00:00,2020-09-02 14:37:00,,,,2020-09-02 14:33:00,,,freeman,,,,0,0,0,0,0,,,,,,,,,0,0,0,0,0,0,0,1,70303,5,903000,0,0,0,0,0,"","","","","","","","","","","",0
"01",MM,"65783",COOLER,Complete,"90364",,,,,"1146",First Choice Beverage,"265 Courtneypark Dr. E.","","",Mississauga,ON,CAN,L5T 2T6,"","","","","","","","",0.00,0.00,0.00,0.00,Cash,"","","",0,0.00,0.00,"","","","",2020-09-05 00:00:00,2020-09-05 00:00:00,2020-09-06 00:00:00,2020-09-05 16:27:00,,,,2020-09-05 13:58:00,,,jagan,,,,0,0,0,0,0,,,,,,,,,0,0,0,0,0,0,0,1,70324,51,51,0,0,0,0,0,"","","","","","","","","","","",0
"01",SOYA,"65802",COOLER,Complete,"52853",,,,,"1158",FCB,"265 Courtneypark D.E","","",Mississauga,ON,CAN,L5T 2T6,"","","","","","","","",0.00,0.00,0.00,0.00,Cash,"","","",0,0.00,0.00,"","","","",2020-09-09 00:00:00,2020-09-09 00:00:00,2020-09-09 00:00:00,2020-09-09 13:37:00,,,,2020-09-09 03:03:00,,,chen,,,,0,0,0,0,0,,,,,,,,,0,0,0,0,0,0,0,1,70343,17,1282,0,0,0,0,0,"","","","","","","","","","","",0
"01",SOYA,"65805",COOLER,Complete,"52854",,,,,"1158",FCB,"265 Courtneypark D.E","","",Mississauga,ON,CAN,L5T 2T6,"","","","","","","","",0.00,0.00,0.00,0.00,Cash,"","","",0,0.00,0.00,"","","","",2020-09-09 00:00:00,2020-09-09 00:00:00,2020-09-09 00:00:00,2020-09-09 15:59:00,,,,2020-09-09 15:05:00,,,rob,,,,0,0,0,0,0,,,,,,,,,0,0,0,0,0,0,0,1,70346,32,2508,0,0,0,0,0,"","","","","","","","","","","",0
"01",MM,"65786",COOLER,In Progress,"90365",,,,,"1146",First Choice Beverage,"265 Courtneypark Dr. E.","","",Mississauga,ON,CAN,L5T 2T6,"","","","","","","","",0.00,0.00,0.00,0.00,Cash,"","","",0,0.00,0.00,"","","","",2020-09-05 00:00:00,2020-09-05 00:00:00,2020-09-06 00:00:00,2020-09-05 22:13:00,,,,2020-09-05 21:34:00,,,rishab,,,,0,0,0,0,0,,,,,,,,,0,0,0,0,0,0,0,1,70327,31,31,0,0,0,0,0,"","","","","","","","","","","",0
"01",SOYA,"65806",COOLER,Complete,"52855",,,,,"1158",FCB,"265 Courtneypark D.E","","",Mississauga,ON,CAN,L5T 2T6,"","","","","","","","",0.00,0.00,0.00,0.00,Cash,"","","",0,0.00,0.00,"","","","",2020-09-10 00:00:00,2020-09-10 00:00:00,2020-09-10 00:00:00,2020-09-10 05:19:00,,,,2020-09-10 01:01:00,,,jagan,,,,0,0,0,0,0,,,,,,,,,0,0,0,0,0,0,0,1,70347,9,647,0,0,0,0,0,"","","","","","","","","","","",0
"01",SOYA,"65788",COOLER,Complete,"52850",,,,,"1158",FCB,"265 Courtneypark D.E","","",Mississauga,ON,CAN,L5T 2T6,"","","","","","","","",0.00,0.00,0.00,0.00,Cash,"","","",0,0.00,0.00,"","","","",2020-09-08 00:00:00,2020-09-08 00:00:00,2020-09-12 00:00:00,2020-09-08 09:19:00,2020-09-12 10:19:00,,,2020-09-08 07:03:00,,,felix,,,,0,0,0,0,0,,,,,,,,,0,0,0,0,0,0,0,1,70329,61,4807,0,0,0,0,0,"","","","","","","","","","","",0
"01",MM,"65789",COOLER,Complete,"90366",,,,,"1146",First Choice Beverage,"265 Courtneypark Dr. E.","","",Mississauga,ON,CAN,L5T 2T6,"","","","","","","","",0.00,0.00,0.00,0.00,Cash,"","","",0,0.00,0.00,"","","","",2020-09-08 00:00:00,2020-09-08 00:00:00,2020-09-09 00:00:00,2020-09-08 10:35:00,2020-09-09 05:50:00,,,2020-09-08 07:05:00,,,jagan,,,,0,0,0,0,0,,,,,,,,,0,0,0,0,0,0,0,1,70330,216,216,0,0,0,0,0,"","","","","","","","","","","",0
"01",SOYA,"65797",COOLER,Complete,"52851",,,,,"1158",FCB,"265 Courtneypark D.E","","",Mississauga,ON,CAN,L5T 2T6,"","","","","","","","",0.00,0.00,0.00,0.00,Cash,"","","",0,0.00,0.00,"","","","",2020-09-08 00:00:00,2020-09-08 00:00:00,2020-09-08 00:00:00,2020-09-08 16:02:00,,,,2020-09-08 14:19:00,,,harjot,,,,0,0,0,0,0,,,,,,,,,0,0,0,0,0,0,0,1,70338,47,3760,0,0,0,0,0,"","","","","","","","","","","",0
"01",SOYA,"65807",COOLER,In Progress,"52856",,,,,"1158",FCB,"265 Courtneypark D.E","","",Mississauga,ON,CAN,L5T 2T6,"","","","","","","","",0.00,0.00,0.00,0.00,Cash,"","","",0,0.00,0.00,"","","","",2020-09-10 00:00:00,2020-09-10 00:00:00,2020-09-11 00:00:00,2020-09-10 07:56:00,,,,2020-09-10 06:51:00,,,jagan,,,,0,0,0,0,0,,,,,,,,,0,0,0,0,0,0,0,1,70348,93,7355,0,0,0,0,0,"","","","","","","","","","","",0
"01",MM,"65808",COOLER,Complete,"90368",,,,,"1146",First Choice Beverage,"265 Courtneypark Dr. E.","","",Mississauga,ON,CAN,L5T 2T6,"","","","","","","","",0.00,0.00,0.00,0.00,Cash,"","","",0,0.00,0.00,"","","","",2020-09-10 00:00:00,2020-09-10 00:00:00,2020-09-11 00:00:00,2020-09-10 08:50:00,2020-09-11 12:40:00,,,2020-09-10 06:52:00,,,jagan,,,,0,0,0,0,0,,,,,,,,,0,0,0,0,0,0,0,1,70349,174,174,0,0,0,0,0,"","","","","","","","","","","",0
"01",MM,"65643",COOLER,Complete,"90338",,,,,"1146",First Choice Beverage,"265 Courtneypark Dr. E.","","",Mississauga,ON,CAN,L5T 2T6,"","","","","","","","",0.00,0.00,0.00,0.00,Cash,"","","",0,0.00,0.00,"","","","",2020-08-19 00:00:00,2020-08-19 00:00:00,2020-08-19 00:00:00,2020-08-19 09:42:00,,,,2020-08-19 08:26:00,,,joban,,,,0,0,0,0,0,,,,,,,,,0,0,0,0,0,0,0,1,70183,54,54,0,0,0,0,0,"","","","","","","","","","","",0
"01",MM,"65649",COOLER,Complete,"90337",,,,,"1146",First Choice Beverage,"265 Courtneypark Dr. E.","","",Mississauga,ON,CAN,L5T 2T6,"","","","","","","","",0.00,0.00,0.00,0.00,Cash,"","","",0,0.00,0.00,"","","","",2020-08-20 00:00:00,2020-08-20 00:00:00,2020-08-20 00:00:00,2020-08-20 04:18:00,,,,2020-08-20 03:52:00,,,joban,,,,0,0,0,0,0,,,,,,,,,0,0,0,0,0,0,0,1,70189,83,83,0,0,0,0,0,"","","","","","","","","","","",0
"01",SOYA,"65812",COOLER,In Progress,"52857",,,,,"1158",FCB,"265 Courtneypark D.E","","",Mississauga,ON,CAN,L5T 2T6,"","","","","","","","",0.00,0.00,0.00,0.00,Cash,"","","",0,0.00,0.00,"","","","",2020-09-10 00:00:00,2020-09-10 00:00:00,2020-09-10 00:00:00,2020-09-10 18:00:00,,,,2020-09-10 15:03:00,,,jamer,,,,0,0,0,0,0,,,,,,,,,0,0,0,0,0,0,0,1,70353,20,1547,0,0,0,0,0,"","","","","","","","","","","",0
"01",MM,"65647",COOLER,In Progress,"90336",,,,,"1146",First Choice Beverage,"265 Courtneypark Dr. E.","","",Mississauga,ON,CAN,L5T 2T6,"","","","","","","","",0.00,0.00,0.00,0.00,Cash,"","","",0,0.00,0.00,"","","","",2020-08-19 00:00:00,2020-08-19 00:00:00,2020-08-20 00:00:00,2020-08-19 14:57:00,,,,2020-08-19 14:06:00,,,jas,,,,0,0,0,0,0,,,,,,,,,0,0,0,0,0,0,0,1,70187,159,159,0,0,0,0,0,"","","","","","","","","","","",0
"01",MM,"65650",COOLER,In Progress,"90339",,,,,"1146",First Choice Beverage,"265 Courtneypark Dr. E.","","",Mississauga,ON,CAN,L5T 2T6,"","","","","","","","",0.00,0.00,0.00,0.00,Cash,"","","",0,0.00,0.00,"","","","",2020-08-20 00:00:00,2020-08-20 00:00:00,2020-08-21 00:00:00,2020-08-20 11:21:00,,,,2020-08-20 08:25:00,,,jagan,,,,0,0,0,0,0,,,,,,,,,0,0,0,0,0,0,0,1,70190,130,130,0,0,0,0,0,"","","","","","","","","","","",0
"01",SOYA,"65813",COOLER,Complete,"52858",,,,,"1158",FCB,"265 Courtneypark D.E","","",Mississauga,ON,CAN,L5T 2T6,"","","","","","","","",0.00,0.00,0.00,0.00,Cash,"","","",0,0.00,0.00,"","","","",2020-09-10 00:00:00,2020-09-10 00:00:00,2020-09-10 00:00:00,2020-09-10 20:45:00,,,,2020-09-10 20:43:00,,,rishab,,,,0,0,0,0,0,,,,,,,,,0,0,0,0,0,0,0,1,70354,21,1619,0,0,0,0,0,"","","","","","","","","","","",0
"01",MM,"65814",COOLER,Complete,"90369",,,,,"1146",First Choice Beverage,"265 Courtneypark Dr. E.","","",Mississauga,ON,CAN,L5T 2T6,"","","","","","","","",0.00,0.00,0.00,0.00,Cash,"","","",0,0.00,0.00,"","","","",2020-09-10 00:00:00,2020-09-10 00:00:00,2020-09-11 00:00:00,2020-09-11 07:31:00,,,,2020-09-10 23:02:00,,,chen,,,,0,0,0,0,0,,,,,,,,,0,0,0,0,0,0,0,1,70355,120,120,0,0,0,0,0,"","","","","","","","","","","",0
"01",SOYA,"65815",COOLER,In Progress,"52859",,,,,"1158",FCB,"265 Courtneypark D.E","","",Mississauga,ON,CAN,L5T 2T6,"","","","","","","","",0.00,0.00,0.00,0.00,Cash,"","","",0,0.00,0.00,"","","","",2020-09-11 00:00:00,2020-09-11 00:00:00,2020-09-11 00:00:00,2020-09-11 07:45:00,,,,2020-09-11 03:28:00,,,jagan,,,,0,0,0,0,0,,,,,,,,,0,0,0,0,0,0,0,1,70356,7,7,0,0,0,0,0,"","","","","","","","","","","",0
"01",SOYA,"65816",COOLER,In Progress,"52860",,,,,"1158",FCB,"265 Courtneypark D.E","","",Mississauga,ON,CAN,L5T 2T6,"","","","","","","","",0.00,0.00,0.00,0.00,Cash,"","","",0,0.00,0.00,"","","","",2020-09-11 00:00:00,2020-09-11 00:00:00,2020-09-11 00:00:00,2020-09-11 10:28:00,,,,2020-09-11 09:16:00,,,jagan,,,,0,0,0,0,0,,,,,,,,,0,0,0,0,0,0,0,1,70357,49,3896,0,0,0,0,0,"","","","","","","","","","","",0
"01",MM,"65817",REGULAR,Complete,"200884613",,,,,"",TCS,"","","","","","","","","","","","","","","",0.00,0.00,0.00,0.00,Cash,"","","",0,0.00,0.00,"","","","",2020-09-11 00:00:00,2020-09-18 00:00:00,2020-09-11 00:00:00,2020-09-11 11:00:00,,,,2020-09-11 10:52:00,,,freeman,,,,0,0,0,0,0,,,,,,,,,0,0,0,0,0,0,0,1,70358,12,45,0,0,0,0,0,"","","","","","","","","","","",0
"01",MM,"65818",COOLER,Complete,"200884614",,,,,"",TCS,"","","","","","","","","","","","","","","",0.00,0.00,0.00,0.00,Cash,"","","",0,0.00,0.00,"","","","",2020-09-11 00:00:00,2020-09-18 00:00:00,2020-09-11 00:00:00,2020-09-11 11:17:00,,,,2020-09-11 10:53:00,,,freeman,,,,0,0,0,0,0,,,,,,,,,0,0,0,0,0,0,0,1,70359,14,64,0,0,0,0,0,"","","","","","","","","","","",0
"01",SOYA,"65820",COOLER,In Progress,"52861",,,,,"1158",FCB,"265 Courtneypark D.E","","",Mississauga,ON,CAN,L5T 2T6,"","","","","","","","",0.00,0.00,0.00,0.00,Cash,"","","",0,0.00,0.00,"","","","",2020-09-11 00:00:00,2020-09-11 00:00:00,2020-09-11 00:00:00,2020-09-11 16:40:00,,,,2020-09-11 15:11:00,,,chen,,,,0,0,0,0,0,,,,,,,,,0,0,0,0,0,0,0,1,70361,29,2203,0,0,0,0,0,"","","","","","","","","","","",0
"01",MM,"65659",COOLER,In Progress,"90340",,,,,"1146",First Choice Beverage,"265 Courtneypark Dr. E.","","",Mississauga,ON,CAN,L5T 2T6,"","","","","","","","",0.00,0.00,0.00,0.00,Cash,"","","",0,0.00,0.00,"","","","",2020-08-21 00:00:00,2020-08-21 00:00:00,2020-08-21 00:00:00,2020-08-21 01:57:00,,,,2020-08-21 01:15:00,,,rishab,,,,0,0,0,0,0,,,,,,,,,0,0,0,0,0,0,0,1,70199,22,22,0,0,0,0,0,"","","","","","","","","","","",0
"01",MM,"65821",COOLER,In Progress,"90370",,,,,"1146",First Choice Beverage,"265 Courtneypark Dr. E.","","",Mississauga,ON,CAN,L5T 2T6,"","","","","","","","",0.00,0.00,0.00,0.00,Cash,"","","",0,0.00,0.00,"","","","",2020-09-11 00:00:00,2020-09-11 00:00:00,2020-09-11 00:00:00,2020-09-11 19:55:00,,,,2020-09-11 19:40:00,,,chen,,,,0,0,0,0,0,,,,,,,,,0,0,0,0,0,0,0,1,70362,18,18,0,0,0,0,0,"","","","","","","","","","","",0
"01",SOYA,"65822",COOLER,In Progress,"52862",,,,,"1158",FCB,"265 Courtneypark D.E","","",Mississauga,ON,CAN,L5T 2T6,"","","","","","","","",0.00,0.00,0.00,0.00,Cash,"","","",0,0.00,0.00,"","","","",2020-09-11 00:00:00,2020-09-11 00:00:00,2020-09-11 00:00:00,2020-09-11 20:39:00,,,,2020-09-11 20:37:00,,,jagan,,,,0,0,0,0,0,,,,,,,,,0,0,0,0,0,0,0,1,70363,22,1707,0,0,0,0,0,"","","","","","","","","","","",0
"01",MM,"65823",COOLER,In Progress,"90371",,,,,"1146",First Choice Beverage,"265 Courtneypark Dr. E.","","",Mississauga,ON,CAN,L5T 2T6,"","","","","","","","",0.00,0.00,0.00,0.00,Cash,"","","",0,0.00,0.00,"","","","",2020-09-11 00:00:00,2020-09-11 00:00:00,2020-09-12 00:00:00,2020-09-11 22:14:00,,,,2020-09-11 21:29:00,,,rishab,,,,0,0,0,0,0,,,,,,,,,0,0,0,0,0,0,0,1,70364,54,54,0,0,0,0,0,"","","","","","","","","","","",0
"01",SOYA,"65824",COOLER,Complete,"52863",,,,,"1158",FCB,"265 Courtneypark D.E","","",Mississauga,ON,CAN,L5T 2T6,"","","","","","","","",0.00,0.00,0.00,0.00,Cash,"","","",0,0.00,0.00,"","","","",2020-09-11 00:00:00,2020-09-11 00:00:00,2020-09-12 00:00:00,2020-09-11 23:18:00,,,,2020-09-11 22:15:00,,,jagan,,,,0,0,0,0,0,,,,,,,,,0,0,0,0,0,0,0,1,70365,12,922,0,0,0,0,0,"","","","","","","","","","","",0
"01",SOYA,"65825",COOLER,Complete,"52864",,,,,"1158",FCB,"265 Courtneypark D.E","","",Mississauga,ON,CAN,L5T 2T6,"","","","","","","","",0.00,0.00,0.00,0.00,Cash,"","","",0,0.00,0.00,"","","","",2020-09-12 00:00:00,2020-09-12 00:00:00,2020-09-12 00:00:00,2020-09-12 01:34:00,,,,2020-09-12 00:15:00,,,rishab,,,,0,0,0,0,0,,,,,,,,,0,0,0,0,0,0,0,1,70366,5,329,0,0,0,0,0,"","","","","","","","","","","",0
"01",SOYA,"65826",COOLER,In Progress,"52865",,,,,"1158",FCB,"265 Courtneypark D.E","","",Mississauga,ON,CAN,L5T 2T6,"","","","","","","","",0.00,0.00,0.00,0.00,Cash,"","","",0,0.00,0.00,"","","","",2020-09-12 00:00:00,2020-09-12 00:00:00,2020-09-12 00:00:00,2020-09-12 02:24:00,,,,2020-09-12 01:23:00,,,rishab,,,,0,0,0,0,0,,,,,,,,,0,0,0,0,0,0,0,1,70367,7,510,0,0,0,0,0,"","","","","","","","","","","",0
"01",SOYA,"65827",COOLER,In Progress,"52866",,,,,"1158",FCB,"265 Courtneypark D.E","","",Mississauga,ON,CAN,L5T 2T6,"","","","","","","","",0.00,0.00,0.00,0.00,Cash,"","","",0,0.00,0.00,"","","","",2020-09-12 00:00:00,2020-09-12 00:00:00,2020-09-12 00:00:00,2020-09-12 04:16:00,,,,2020-09-12 03:06:00,,,rishab,,,,0,0,0,0,0,,,,,,,,,0,0,0,0,0,0,0,1,70368,11,835,0,0,0,0,0,"","","","","","","","","","","",0
"01",SOYA,"65828",COOLER,Complete,"52867",,,,,"1158",FCB,"265 Courtneypark D.E","","",Mississauga,ON,CAN,L5T 2T6,"","","","","","","","",0.00,0.00,0.00,0.00,Cash,"","","",0,0.00,0.00,"","","","",2020-09-12 00:00:00,2020-09-12 00:00:00,2020-09-12 00:00:00,2020-09-12 06:10:00,,,,2020-09-12 04:26:00,,,dennis,,,,0,0,0,0,0,,,,,,,,,0,0,0,0,0,0,0,1,70369,7,484,0,0,0,0,0,"","","","","","","","","","","",0
"01",SOYA,"65829",COOLER,In Progress,"52868",,,,,"1158",FCB,"265 Courtneypark D.E","","",Mississauga,ON,CAN,L5T 2T6,"","","","","","","","",0.00,0.00,0.00,0.00,Cash,"","","",0,0.00,0.00,"","","","",2020-09-12 00:00:00,2020-09-12 00:00:00,2020-09-12 00:00:00,2020-09-12 06:17:00,,,,2020-09-12 04:28:00,,,dennis,,,,0,0,0,0,0,,,,,,,,,0,0,0,0,0,0,0,1,70370,11,840,0,0,0,0,0,"","","","","","","","","","","",0
"01",MM,"65830",COOLER,In Progress,"90372",,,,,"1146",First Choice Beverage,"265 Courtneypark Dr. E.","","",Mississauga,ON,CAN,L5T 2T6,"","","","","","","","",0.00,0.00,0.00,0.00,Cash,"","","",0,0.00,0.00,"","","","",2020-09-12 00:00:00,2020-09-12 00:00:00,2020-09-12 00:00:00,2020-09-12 08:38:00,,,,2020-09-12 05:44:00,,,dennis,,,,0,0,0,0,0,,,,,,,,,0,0,0,0,0,0,0,1,70371,46,46,0,0,0,0,0,"","","","","","","","","","","",0
"01",SOYA,"65831",COOLER,In Progress,"52869",,,,,"1158",FCB,"265 Courtneypark D.E","","",Mississauga,ON,CAN,L5T 2T6,"","","","","","","","",0.00,0.00,0.00,0.00,Cash,"","","",0,0.00,0.00,"","","","",2020-09-12 00:00:00,2020-09-12 00:00:00,2020-09-12 00:00:00,2020-09-12 15:57:00,,,,2020-09-12 11:06:00,,,jamer,,,,0,0,0,0,0,,,,,,,,,0,0,0,0,0,0,0,1,70372,36,2876,0,0,0,0,0,"","","","","","","","","","","",0
"01",MM,"65832",COOLER,In Progress,"90373",,,,,"1146",First Choice Beverage,"265 Courtneypark Dr. E.","","",Mississauga,ON,CAN,L5T 2T6,"","","","","","","","",0.00,0.00,0.00,0.00,Cash,"","","",0,0.00,0.00,"","","","",2020-09-12 00:00:00,2020-09-12 00:00:00,2020-09-12 00:00:00,2020-09-12 13:05:00,,,,2020-09-12 11:52:00,,,jamer,,,,0,0,0,0,0,,,,,,,,,0,0,0,0,0,0,0,1,70373,106,106,0,0,0,0,0,"","","","","","","","","","","",0
"01",MM,"65833",COOLER,Complete,"90374",,,,,"1146",First Choice Beverage,"265 Courtneypark Dr. E.","","",Mississauga,ON,CAN,L5T 2T6,"","","","","","","","",0.00,0.00,0.00,0.00,Cash,"","","",0,0.00,0.00,"","","","",2020-09-12 00:00:00,2020-09-12 00:00:00,2020-09-13 00:00:00,2020-09-12 21:35:00,,,,2020-09-12 15:00:00,,,jagan,,,,0,0,0,0,0,,,,,,,,,0,0,0,0,0,0,0,1,70374,52,53,0,0,0,0,0,"","","","","","","","","","","",0
